,merchant_abn,count(1)
0,24852446429,289516
1,86578477987,272679
2,64203420245,260781
3,49891706470,247526
4,46804135891,234435
5,45629217853,228259
6,89726005175,215966
7,43186523025,200915
8,80324045558,196840
9,63290521567,181876
10,68216911708,180826
11,21439773999,120627
12,64403598239,113543
13,72472909171,101791
14,79417999332,99226
15,94493496784,99176
16,60956456424,90706
17,32361057556,85782
18,91923722701,78355
19,49505931725,68240
20,96152467973,68147
21,19933438190,67718
22,57900494384,67098
23,48534649627,66437
24,17324645993,65110
25,82065156333,64459
26,20985347699,62513
27,98973094975,54613
28,47086412084,54499
29,49322182190,51904
30,38090089066,51816
31,81219314324,50473
32,62694031334,48535
33,98269572896,45653
34,35223308778,44990
35,11566786699,44615
36,75944642726,44573
37,29616684420,44525
38,76767266140,43586
39,52959528548,42508
40,84703983173,42415
41,46298404088,41732
42,41251795489,40397
43,23338656015,39696
44,75034515922,39003
45,35909341340,37985
46,67400260923,37554
47,80779820715,36438
48,63465140133,36384
49,49212265466,36053
50,54550134954,36029
51,76626119831,35880
52,83690644458,35852
53,68559320474,35551
54,90543168331,35042
55,42355028515,34518
56,41944909975,34461
57,21772962346,33953
58,17488304283,33901
59,29521780474,33384
60,76314317957,33333
61,71528203369,32404
62,94690988633,31353
63,96680767841,31134
64,19618998054,30687
65,14492521225,30548
66,11439466003,29888
67,50315283629,29848
68,80518954462,29750
69,71961434094,29665
70,15560455575,29246
71,22059270846,28580
72,73972053940,28574
73,80682333501,28142
74,67794222692,27867
75,91720867026,27734
76,69703285964,27620
77,60978195146,27543
78,21025433654,27333
79,35556933338,27180
80,94455880010,26684
81,58454491168,26611
82,70038202360,26495
83,37379915451,26467
84,81761494572,26265
85,56946407125,26107
86,91873181182,26051
87,27093785141,25928
88,45466221547,25419
89,90173050473,25186
90,77590625261,25179
91,37687523474,25076
92,98314397036,24641
93,35424691626,23736
94,35733444320,23574
95,22033359776,23468
96,94472466107,23451
97,74046727484,23438
98,81410315303,23388
99,37459245212,23258
100,99976658299,23148
101,34179569263,23133
102,90087872851,22815
103,71538439295,22762
104,14430838529,22107
105,13285958344,22059
106,10648956813,21981
107,39649557865,21921
108,71674475255,21898
109,93558142492,21838
110,86662713230,21545
111,74019238521,21526
112,30122382323,21154
113,52065114842,21122
114,41974958954,20960
115,32560075533,20856
116,11237511112,20721
117,66079287213,20688
118,21359184622,20651
119,17158952809,20258
120,78760357380,20226
121,71094934182,19737
122,58476363584,19728
123,22795471441,19669
124,89502033586,19611
125,61845622676,19593
126,11121775571,19590
127,62224020443,19554
128,31585975447,19455
129,68004106739,19283
130,75089928159,19265
131,24938000144,19259
132,16644129035,19181
133,51279178333,19133
134,80109801322,18532
135,34096466752,18458
136,79633007926,18436
137,65122248893,18411
138,89640578182,18305
139,40555823280,18303
140,67797658023,18167
141,15061716544,18091
142,17739089622,17948
143,13514558491,17900
144,56945597985,17674
145,99938978285,17459
146,99275601275,17423
147,89932674734,17380
148,36196225600,17182
149,40279146273,17169
150,51550230865,17060
151,90578415511,16953
152,35016722348,16949
153,61447419161,16770
154,13565102775,16742
155,87639550697,16708
156,50866797623,16661
157,67609108741,16584
158,90599617648,16555
159,76819856970,16508
160,58392414752,16502
161,62773208456,16407
162,62191208634,16380
163,15069598461,16281
164,82076270246,16256
165,18158387243,16224
166,70610974780,15999
167,22227727512,15981
168,16492082804,15918
169,45433476494,15854
170,70172340121,15827
171,30214222203,15791
172,46987545043,15701
173,41663117354,15683
174,13839274306,15629
175,88547577701,15525
176,99291944648,15505
177,35014882568,15482
178,63952221889,15482
179,87667432396,15421
180,71350572766,15342
181,32656335530,15130
182,52342208808,15111
183,66667026714,15095
184,34920839316,15081
185,70501974849,14775
186,15299889494,14705
187,89518629617,14463
188,54874856789,14424
189,86772484982,14420
190,23661821077,14416
191,30458474292,14340
192,83412691377,14288
193,28687004922,14247
194,26148653604,14184
195,43061683632,14107
196,21807339153,13985
197,63300242141,13956
198,85139489422,13954
199,15269431008,13931
200,46451548968,13890
201,25732256442,13848
202,52160665475,13826
203,97861055416,13699
204,12870663624,13685
205,17678252870,13576
206,89107518982,13567
207,44454840859,13561
208,96161808980,13540
209,36125151647,13529
210,71041015148,13515
211,96161947306,13340
212,54272781746,13230
213,90692244747,13202
214,31940875883,13162
215,92990617267,13132
216,31637210281,13071
217,40515428545,13020
218,19854089605,12959
219,29023134283,12950
220,32709545238,12913
221,61991570212,12825
222,79645157255,12801
223,45559085309,12721
224,28057731482,12627
225,83620670827,12493
226,38435278995,12490
227,44594244784,12488
228,59658193201,12476
229,67978471888,12417
230,77338620996,12308
231,19237425345,12280
232,57471217202,12222
233,28681229636,12221
234,65674339048,12210
235,94729574738,12105
236,96880556465,12080
237,39088614710,12031
238,26844395593,12023
239,12173100693,11972
240,88699453206,11957
241,39896913161,11852
242,16570599421,11831
243,73343245974,11815
244,81333423763,11803
245,32605756719,11750
246,66567150019,11744
247,69983142241,11719
248,40507108040,11699
249,45759576746,11670
250,41383736952,11659
251,25674631453,11594
252,32530636640,11546
253,98472033309,11500
254,29936037423,11474
255,30389290864,11473
256,63123845164,11446
257,95574756848,11426
258,31101120643,11392
259,70052129860,11380
260,34822634769,11376
261,65668855732,11303
262,66626020312,11295
263,13118172970,11191
264,61481587663,11181
265,50075408315,11172
266,92343252737,11125
267,28230498046,11059
268,63685007785,11058
269,11944993446,11049
270,38638753805,11017
271,78905182348,10953
272,98722839745,10884
273,75559137486,10814
274,41705715409,10800
275,90568944804,10732
276,40307304965,10604
277,83177825742,10476
278,22206721435,10449
279,47663262928,10422
280,46352584904,10410
281,62204398944,10396
282,42500153308,10384
283,64127544910,10347
284,10323485998,10335
285,60111071436,10306
286,16286338734,10269
287,57757792876,10235
288,25938405651,10158
289,75244502629,10106
290,57824995706,10052
291,49549583265,10034
292,24715277505,10018
293,18305506006,10015
294,98416475066,10006
295,59162205130,10000
296,70620117107,9973
297,20325086904,9914
298,92265887651,9910
299,19054547079,9895
300,64974914166,9860
301,26169574842,9809
302,29641342749,9784
303,88553358884,9781
304,94072762560,9776
305,46607130088,9731
306,49125619545,9706
307,38736067045,9683
308,10206519221,9621
309,72673996108,9549
310,92779316513,9545
311,81877438808,9443
312,29639699851,9400
313,83414869405,9357
314,66370248931,9324
315,24070342853,9318
316,20885454195,9303
317,29362189014,9276
318,45244796758,9262
319,68501926042,9176
320,61412665910,9174
321,76646764782,9149
322,26445720989,9113
323,82027679475,9109
324,23255291705,9064
325,55417076134,8998
326,30623214058,8967
327,69666829657,8911
328,98548263806,8896
329,38012560280,8869
330,53123395285,8854
331,62583219931,8739
332,37967061831,8692
333,89022158521,8684
334,71236652596,8680
335,95508140753,8656
336,39211701585,8622
337,34695415993,8561
338,26671932360,8522
339,72738688428,8485
340,15912561882,8479
341,60706491699,8467
342,77679081913,8422
343,57289898526,8373
344,85502310765,8337
345,17107204463,8323
346,80982848464,8301
347,92065881715,8271
348,46012371285,8222
349,83815730799,8171
350,70033549200,8123
351,57554365043,8099
352,80995075637,8083
353,84088835754,8054
354,46380096952,8020
355,34726792617,7979
356,96442520325,7958
357,45572698303,7902
358,29122719261,7871
359,80551528183,7855
360,24015173965,7849
361,23527526869,7843
362,52594457116,7813
363,45056974934,7810
364,41271931352,7801
365,30942453214,7792
366,68645868338,7737
367,11017796471,7727
368,60650953328,7718
369,49278214714,7718
370,28208763477,7669
371,96244711717,7647
372,96566672398,7624
373,55501929396,7590
374,89297547843,7583
375,30801495844,7572
376,19197006880,7559
377,24471518053,7554
378,51016899219,7525
379,71759376949,7521
380,32176774610,7517
381,69069584766,7468
382,44780100984,7436
383,44160392990,7427
384,38591231051,7418
385,25228131129,7345
386,43356103768,7334
387,15903176024,7332
388,64732735902,7317
389,88249446460,7311
390,84445217729,7298
391,14961279222,7247
392,95279812400,7238
393,21232022824,7222
394,95896852636,7196
395,53126107676,7142
396,38700038932,7132
397,88393306198,7117
398,15441635442,7044
399,93260450766,7022
400,60602272553,7007
401,22953464223,6995
402,63728747020,6954
403,53003062892,6944
404,92207241352,6937
405,20527255332,6878
406,39190083890,6872
407,38523562929,6838
408,71381535323,6800
409,75104340635,6790
410,31736633670,6779
411,33607911449,6776
412,32825608803,6764
413,72553304202,6759
414,41170595493,6747
415,63817709749,6745
416,45380641195,6697
417,57405729081,6684
418,11285988014,6676
419,87630626808,6675
420,51357574333,6654
421,74063123996,6602
422,60121698774,6582
423,13093581573,6577
424,79269463423,6568
425,54705111450,6560
426,27500085887,6549
427,80166805919,6487
428,40099570304,6446
429,93644338786,6431
430,59128133246,6414
431,48701447259,6410
432,27326652377,6405
433,32623092639,6403
434,52242018594,6391
435,82123916158,6382
436,77690613296,6365
437,18645942609,6360
438,67690172512,6354
439,29633331621,6324
440,11841065357,6309
441,78042516048,6280
442,43073797016,6252
443,40590483301,6214
444,27504885147,6168
445,72177236569,6156
446,51959118092,6144
447,18653260078,6083
448,48465277903,6074
449,55430629945,6074
450,31397959824,6063
451,16256895427,6062
452,73114530701,6060
453,15253672771,6055
454,39869100896,6048
455,40646162173,6047
456,32709729094,6001
457,75454398468,5968
458,28690231799,5953
459,89536028092,5950
460,98072939449,5948
461,86525942285,5941
462,94827960324,5928
463,75850458091,5911
464,14058755389,5905
465,29156207537,5900
466,81002603831,5858
467,80508375382,5848
468,36607451384,5789
469,12438697459,5781
470,99803748393,5778
471,78982081666,5773
472,74553285516,5768
473,99904689266,5767
474,22407003576,5763
475,78073971498,5737
476,82448693380,5737
477,45899477665,5721
478,81369312244,5716
479,22027671078,5695
480,55069630872,5681
481,38971488186,5665
482,33437657911,5645
483,28941011848,5636
484,46817474676,5636
485,38488456221,5632
486,50755717212,5593
487,43660707274,5587
488,73489866331,5572
489,31472801314,5566
490,27022400550,5559
491,54278310951,5536
492,64644843223,5529
493,25235376304,5524
494,43321695302,5515
495,28049322288,5495
496,65204103269,5456
497,97159474697,5429
498,56144254367,5397
499,62170730910,5390
500,44403753948,5368
501,87998844202,5350
502,78798828265,5345
503,12034469787,5340
504,15582655078,5337
505,48248269920,5335
506,88402174457,5333
507,73546158413,5327
508,98268965514,5309
509,17523010120,5293
510,38646383513,5289
511,66842618444,5282
512,47374330858,5271
513,73256306726,5264
514,28935822912,5246
515,88124569339,5238
516,15359085759,5236
517,34558201737,5231
518,12543580354,5222
519,67979471799,5219
520,27179144904,5218
521,33233265647,5209
522,40252040480,5203
523,76275088055,5195
524,82368304209,5193
525,34172909925,5192
526,87457891433,5182
527,74391255526,5181
528,54197321846,5173
529,66571984047,5165
530,32844138686,5165
531,98545158925,5154
532,88816810320,5153
533,23026499747,5150
534,62285108846,5147
535,54291122944,5135
536,88358066529,5066
537,71518311042,5064
538,88435572170,5036
539,10264435225,5026
540,87719724258,5024
541,26556866679,5017
542,47459279421,5010
543,24043105437,5009
544,29102388616,5006
545,73499119023,5003
546,20240471832,5002
547,10959028715,5001
548,58741105428,4983
549,70009327857,4977
550,92681936901,4961
551,85276983280,4959
552,19573722372,4936
553,68435002949,4885
554,22526511302,4829
555,72857570096,4807
556,79827781481,4798
557,87084550311,4797
558,86871438193,4789
559,45895438985,4776
560,71989214810,4774
561,42464370262,4766
562,96420684134,4717
563,85490345732,4676
564,27574779991,4665
565,66030670083,4657
566,13812221471,4636
567,42150648766,4622
568,38212167834,4604
569,43349891433,4600
570,71247553576,4576
571,52509095251,4569
572,39469311070,4568
573,26599529197,4549
574,86182863634,4523
575,40272107679,4519
576,57566534349,4496
577,73619221575,4493
578,36066395091,4490
579,86223953880,4470
580,71946255432,4465
581,49536733338,4459
582,95184414711,4457
583,29216160692,4452
584,25884436429,4441
585,93532380797,4424
586,42543374304,4422
587,75723980434,4421
588,48997695741,4409
589,17034043771,4402
590,58314972637,4397
591,72870379863,4396
592,51659779274,4365
593,74449830326,4353
594,67019805160,4344
595,56626211479,4344
596,83000061755,4341
597,24598653065,4340
598,56723208962,4333
599,18935690984,4329
600,41881349154,4322
601,88950371391,4320
602,58715026442,4316
603,66678764219,4278
604,86388904574,4269
605,85529538986,4268
606,69425596520,4241
607,79198689842,4222
608,21094505909,4208
609,80785565526,4186
610,63978837398,4181
611,52535771754,4177
612,25370771356,4163
613,61997656782,4147
614,22470136913,4146
615,88563451053,4141
616,75372814642,4135
617,16452078130,4134
618,53062283717,4133
619,46965256386,4131
620,21532935983,4127
621,55090181035,4117
622,19986358096,4098
623,28827474922,4080
624,49925232405,4073
625,60836029312,4071
626,98166254020,4062
627,60061691817,4061
628,55294337974,4061
629,25467145329,4054
630,55842128301,4051
631,48256546416,4049
632,82081024598,4041
633,89260537373,4027
634,20364924160,4009
635,18709053174,4004
636,67142049268,4003
637,88279777843,3999
638,58019702129,3996
639,86710922099,3994
640,14639489823,3994
641,68950900599,3991
642,91157839617,3968
643,77929547081,3966
644,55778594682,3963
645,32749065279,3959
646,61080648284,3957
647,28748147493,3946
648,73674297591,3930
649,96146457679,3930
650,17934773261,3908
651,43159973833,3901
652,12483082042,3900
653,48390524826,3893
654,45783766755,3887
655,62403837535,3876
656,49318926537,3875
657,43127814599,3874
658,35391497890,3868
659,85978665515,3861
660,87771712045,3859
661,87717092177,3854
662,35813492759,3838
663,49758515423,3836
664,75090756544,3824
665,31385641294,3812
666,65150917863,3806
667,98518649381,3794
668,57867831267,3793
669,28000487688,3791
670,71178069190,3781
671,46674437504,3780
672,95274025676,3779
673,79070278461,3761
674,68209747287,3749
675,81583941068,3745
676,45946543693,3745
677,16288327194,3737
678,89933762267,3735
679,91772719127,3723
680,18303734841,3723
681,49839448838,3722
682,77037096829,3719
683,15625166573,3714
684,23692710924,3707
685,23109950638,3700
686,27251742541,3687
687,78327477486,3677
688,47874674591,3672
689,71761786483,3663
690,25078409316,3654
691,13830448327,3652
692,70223714517,3649
693,46970913786,3635
694,56762458844,3634
695,35927874515,3630
696,77505747217,3629
697,70920423684,3617
698,57021295485,3610
699,56796971172,3602
700,17945458645,3593
701,37662781564,3588
702,59450324455,3588
703,46564887665,3577
704,16388802220,3568
705,75566438995,3549
706,62464569593,3544
707,49640494725,3544
708,60150317439,3520
709,41747634618,3504
710,43671774465,3499
711,93894215354,3496
712,22718657980,3482
713,75902032169,3475
714,11173270682,3470
715,85362139954,3468
716,17950989709,3464
717,85765359302,3458
718,10714068705,3452
719,77013874702,3449
720,46953117138,3443
721,82298341051,3435
722,60813622669,3432
723,30385986557,3426
724,41315101616,3418
725,95431176007,3417
726,73731446835,3415
727,10618089367,3412
728,55094723224,3412
729,57699602880,3402
730,92598420603,3395
731,22840936261,3392
732,77595119441,3381
733,73895811023,3375
734,20520680348,3369
735,27086915609,3358
736,48854820141,3354
737,33138327540,3353
738,96554417129,3348
739,51321276923,3343
740,41502716433,3342
741,74589998324,3338
742,72231375027,3333
743,32451620193,3331
744,26643842396,3321
745,96111981432,3316
746,52606147371,3316
747,90672655190,3313
748,71357650211,3309
749,44631836704,3309
750,54429225092,3296
751,86174823628,3290
752,30417042223,3287
753,81246943924,3281
754,90984790127,3277
755,58377425534,3263
756,10023283211,3261
757,60539272146,3255
758,55955609006,3234
759,90994364089,3233
760,22658353530,3229
761,82786382916,3226
762,69696627033,3217
763,16119907679,3209
764,79830510987,3195
765,22997201471,3193
766,53237353758,3185
767,27975606844,3185
768,21615741041,3185
769,72539760068,3185
770,39368471973,3182
771,51515623602,3182
772,86010199872,3169
773,27288001271,3160
774,58688453868,3158
775,46533246372,3157
776,48534842833,3157
777,75393511037,3139
778,84057522285,3136
779,47644196714,3134
780,88230622213,3130
781,48981211054,3106
782,31630375469,3097
783,86591172660,3096
784,42807026185,3090
785,73980410353,3086
786,92636306985,3068
787,78091331382,3067
788,52569909432,3066
789,96513857365,3061
790,45151159881,3056
791,59067200778,3056
792,83935353706,3053
793,74690260858,3050
794,16587082018,3049
795,10142254217,3036
796,31969420866,3024
797,60070647768,3023
798,19111577631,3016
799,17431888602,3016
800,49167531725,3014
801,99467302626,2999
802,26008308191,2993
803,15790540567,2992
804,43719937438,2988
805,91960562098,2987
806,62981771325,2984
807,67691683330,2983
808,31322181845,2983
809,34398628767,2979
810,33064796871,2978
811,34059083860,2978
812,92428831060,2972
813,22155114860,2969
814,34082818630,2941
815,91630014920,2926
816,46877655150,2910
817,75881121130,2905
818,90404167929,2902
819,34459028045,2894
820,59589609053,2885
821,20939962818,2882
822,70893725439,2879
823,80701973278,2871
824,43696313879,2870
825,75238031489,2867
826,41450604292,2858
827,66257020651,2838
828,99514198047,2834
829,75131910841,2832
830,14246432250,2832
831,67283489810,2830
832,61619924340,2829
833,85574524327,2811
834,54327105512,2809
835,61634218640,2786
836,33163130598,2782
837,89022505272,2781
838,72724420494,2780
839,77090965820,2780
840,20594162542,2777
841,58321530622,2774
842,69934752604,2772
843,61242800720,2770
844,83271526845,2764
845,65134002757,2763
846,70088042348,2746
847,57083783235,2738
848,20569508100,2736
849,90320801414,2731
850,76078244980,2719
851,24989367414,2718
852,87404274320,2716
853,63105795563,2712
854,27888724678,2702
855,11355018654,2700
856,97886307095,2700
857,29625244690,2697
858,43188424684,2686
859,34095207240,2686
860,65426342453,2678
861,92308095254,2675
862,97264771172,2663
863,14965232967,2646
864,71787414647,2645
865,35367341543,2632
866,32946666313,2628
867,23144747020,2625
868,43006743995,2613
869,93606772530,2613
870,12014115545,2600
871,90348927972,2595
872,24094430920,2587
873,60023412760,2575
874,55958301764,2571
875,25069678029,2571
876,44126901587,2567
877,99022808555,2564
878,39060546194,2561
879,95488505807,2560
880,31169432936,2553
881,85528480784,2534
882,40453061481,2533
883,40938677569,2530
884,96834893748,2525
885,33651513345,2524
886,78535319267,2520
887,22474703869,2519
888,22019664345,2513
889,10487253336,2511
890,78213188724,2509
891,27047988248,2504
892,52323926070,2501
893,15367144876,2485
894,73508037595,2478
895,30415756696,2474
896,40201093869,2459
897,14583462783,2457
898,27585113425,2446
899,11437621158,2446
900,78522984877,2443
901,83323591742,2442
902,25706310514,2437
903,52794670013,2436
904,62580273150,2428
905,33337260688,2425
906,28556213345,2424
907,17055065679,2415
908,93260930990,2402
909,92284330384,2393
910,74369182597,2393
911,32329455050,2393
912,79710547245,2386
913,43711175854,2383
914,26510188921,2382
915,79359610588,2374
916,46600268436,2374
917,20606594082,2372
918,42217736449,2371
919,32551640842,2370
920,92413760084,2365
921,35664226523,2361
922,68289707002,2359
923,82426950076,2353
924,55325186693,2352
925,66118124566,2345
926,25819356184,2338
927,54097385985,2338
928,15130143460,2336
929,88795682549,2331
930,44915049915,2330
931,14639241847,2328
932,75664480997,2326
933,47218919992,2320
934,73055550807,2318
935,27109170541,2317
936,19836429553,2314
937,76251945060,2306
938,19465180165,2300
939,39135845322,2299
940,19575005485,2296
941,41216931608,2296
942,92696023351,2289
943,41827752591,2287
944,51808433866,2286
945,26267439458,2281
946,32894483068,2274
947,21793603759,2273
948,34190774918,2273
949,47529937246,2272
950,92980848589,2271
951,37243721612,2257
952,63032122101,2252
953,77149983383,2249
954,20717993088,2244
955,43301018611,2237
956,29063380341,2224
957,25273270711,2218
958,74155418313,2212
959,90025866810,2210
960,96644705620,2208
961,33495932835,2205
962,16165222459,2198
963,28896046710,2196
964,74220937512,2188
965,25824799381,2178
966,67915848101,2171
967,59615752944,2170
968,50423424106,2169
969,64384611134,2166
970,92075595936,2161
971,11199348915,2160
972,57480173036,2155
973,64040663159,2151
974,57772891398,2150
975,42368556376,2137
976,26063968667,2134
977,56559128138,2130
978,37228343237,2123
979,55597122840,2122
980,55123279982,2122
981,69123307057,2118
982,62607401721,2118
983,45663905997,2114
984,45362042297,2112
985,80136098531,2111
986,32082195327,2106
987,16394504716,2104
988,66464469789,2102
989,58729395250,2099
990,94701884796,2098
991,50589958690,2097
992,25083422701,2094
993,89048727914,2091
994,67874735704,2089
995,23787788327,2087
996,33087124172,2082
997,53132768930,2081
998,85071946566,2081
999,15549624934,2080
1000,69327757904,2079
1001,33296649772,2078
1002,97716113207,2071
1003,64573039027,2069
1004,13255205539,2065
1005,14443753481,2063
1006,26218617714,2059
1007,36688095621,2053
1008,39685893174,2049
1009,50321300271,2037
1010,20692490685,2034
1011,11563852275,2032
1012,60462729568,2027
1013,46331355995,2016
1014,66835892718,2013
1015,70309831462,2007
1016,97211373669,2004
1017,67174003021,2002
1018,24264927934,1998
1019,98861937890,1997
1020,91803984881,1993
1021,81861692234,1993
1022,73804469952,1987
1023,22549192713,1984
1024,67465447214,1975
1025,39618687681,1974
1026,49535617047,1965
1027,79283124876,1965
1028,98533840054,1961
1029,85556646149,1959
1030,42483854662,1958
1031,74337408103,1953
1032,24351356445,1953
1033,97603729191,1951
1034,44653528319,1951
1035,90796680287,1946
1036,76482197253,1939
1037,28829519760,1934
1038,65202518558,1932
1039,96965554802,1931
1040,17060583346,1930
1041,38337815814,1928
1042,94732687919,1917
1043,74780446526,1916
1044,44210076869,1916
1045,38603393734,1912
1046,77313075219,1908
1047,57011992135,1900
1048,34904300711,1896
1049,79928754880,1894
1050,83781478969,1887
1051,97785987616,1887
1052,91847992723,1887
1053,71169969325,1885
1054,66432686430,1882
1055,87964227397,1879
1056,18582096775,1869
1057,87340243269,1868
1058,16980639748,1867
1059,74319969182,1867
1060,58154486337,1865
1061,73527950332,1860
1062,78963299452,1860
1063,76519958668,1855
1064,22487474791,1855
1065,93498928547,1852
1066,45446645240,1843
1067,87632767975,1833
1068,69377909125,1833
1069,74142277711,1829
1070,86406618443,1829
1071,35809331583,1828
1072,40049033270,1826
1073,21046714053,1825
1074,99672926179,1817
1075,60050955776,1816
1076,55132869928,1810
1077,54094693762,1807
1078,21820852598,1806
1079,43162178066,1803
1080,23754348523,1802
1081,68103126714,1792
1082,96906278264,1788
1083,34744764368,1788
1084,73204383732,1785
1085,15613631617,1785
1086,92019681129,1778
1087,10848766800,1775
1088,65337745105,1775
1089,26505333735,1773
1090,53772871046,1768
1091,20269486864,1761
1092,38734016504,1760
1093,13041890826,1743
1094,23925773818,1731
1095,30166624802,1730
1096,82539239304,1728
1097,91016242612,1725
1098,26077736972,1722
1099,25176815949,1719
1100,12042198256,1719
1101,16993524298,1715
1102,14040735315,1714
1103,24378910810,1714
1104,55559667703,1710
1105,97292256063,1706
1106,33268824520,1699
1107,76369909295,1690
1108,24769745549,1687
1109,83051195337,1681
1110,38598071783,1677
1111,20445424481,1673
1112,13447011295,1665
1113,28622174594,1664
1114,17308640834,1663
1115,56341925306,1663
1116,16765088338,1662
1117,29613837166,1659
1118,10462560289,1650
1119,71355732473,1649
1120,49514072231,1647
1121,23540152063,1639
1122,31754766736,1627
1123,41980722395,1625
1124,22469567189,1623
1125,95499028329,1612
1126,90612658132,1608
1127,39434518372,1608
1128,44461622420,1605
1129,28068880408,1599
1130,76351454594,1599
1131,69418675752,1591
1132,23710434768,1590
1133,76158785234,1589
1134,43650058736,1588
1135,78820544491,1587
1136,33032934489,1585
1137,77925217758,1580
1138,59965794726,1578
1139,11700214701,1575
1140,69913521743,1573
1141,49609375026,1572
1142,11215815177,1572
1143,58727332026,1571
1144,83575543026,1566
1145,48734393022,1559
1146,74321541375,1554
1147,93561083066,1549
1148,77368674747,1547
1149,36555094223,1546
1150,68483735536,1545
1151,27639240514,1543
1152,35318110910,1542
1153,96893283227,1539
1154,55179323922,1536
1155,16174402479,1533
1156,48091635916,1532
1157,31334588839,1529
1158,66186109508,1529
1159,29286506036,1528
1160,48086705406,1524
1161,35344855546,1522
1162,88215945141,1518
1163,73096931114,1513
1164,59737558413,1508
1165,17186910612,1504
1166,35040817462,1503
1167,39980443411,1501
1168,69078612783,1496
1169,11093673306,1495
1170,47721432444,1491
1171,83329078822,1489
1172,42032686423,1488
1173,81249812970,1484
1174,45073039817,1484
1175,72611840049,1483
1176,14804580099,1483
1177,58913632134,1480
1178,65629452396,1478
1179,98202651678,1478
1180,50050487900,1477
1181,39917000142,1473
1182,54923508125,1473
1183,80953929257,1470
1184,59335427001,1464
1185,63789206880,1461
1186,56729951690,1456
1187,12434006854,1456
1188,21702179125,1456
1189,90651237279,1455
1190,67425187185,1454
1191,48723861274,1452
1192,14314268730,1451
1193,99786288465,1451
1194,14480530534,1450
1195,54056521797,1448
1196,84391677958,1447
1197,57961198956,1447
1198,92382466112,1444
1199,58459771721,1443
1200,22961647681,1441
1201,12959550150,1440
1202,83953428830,1440
1203,91633005350,1434
1204,43908105892,1432
1205,16919425848,1428
1206,67882460777,1427
1207,45480771376,1425
1208,36413911362,1425
1209,46622394552,1425
1210,58825561585,1424
1211,67212086728,1424
1212,27440079026,1423
1213,65925117805,1423
1214,45648966421,1421
1215,96781066746,1417
1216,37762125537,1411
1217,92836597532,1410
1218,48298955262,1408
1219,42757999502,1406
1220,79479365013,1405
1221,45030176527,1401
1222,16248082282,1395
1223,34984654037,1392
1224,93726438981,1388
1225,11791943985,1386
1226,99241925348,1385
1227,24302923489,1383
1228,68319415555,1383
1229,29550468444,1378
1230,68828285855,1377
1231,83887431107,1372
1232,16218917521,1372
1233,81776569986,1371
1234,11588046517,1370
1235,29693559566,1366
1236,75646866762,1365
1237,20435488659,1361
1238,61112604295,1359
1239,18313275661,1355
1240,66917621463,1355
1241,72397853535,1351
1242,15531408565,1349
1243,24015576448,1344
1244,66161087361,1342
1245,14336275166,1342
1246,16629601490,1340
1247,12771097467,1340
1248,10945019164,1339
1249,55446764764,1338
1250,57426521062,1337
1251,21291463935,1336
1252,17758483290,1332
1253,48302663667,1331
1254,55433932875,1327
1255,87811059143,1327
1256,25846871943,1324
1257,23092329041,1318
1258,39841504967,1312
1259,20740910820,1304
1260,43725628716,1303
1261,40996886558,1302
1262,36800720158,1300
1263,65022194603,1299
1264,40575200651,1295
1265,30074252567,1291
1266,39010056512,1284
1267,99053443481,1282
1268,10901349044,1282
1269,80132164373,1281
1270,67165527084,1280
1271,58881822825,1279
1272,88475230162,1279
1273,52544138714,1278
1274,82912636758,1273
1275,84160298882,1271
1276,33388024878,1267
1277,47879799074,1266
1278,64581529554,1266
1279,81276848014,1263
1280,37327984417,1260
1281,26062881399,1248
1282,50138044308,1247
1283,44473011453,1247
1284,94378706737,1246
1285,30779952495,1246
1286,48625977738,1246
1287,25083358415,1245
1288,33084912594,1244
1289,20510478676,1243
1290,69236417931,1233
1291,17663034743,1231
1292,97738870301,1229
1293,31580243600,1229
1294,73130631030,1225
1295,47874406074,1224
1296,18949610555,1218
1297,21587176464,1218
1298,78119440529,1218
1299,20734004951,1215
1300,86101203168,1213
1301,51401317633,1211
1302,54611298155,1211
1303,68100435968,1211
1304,59329605791,1205
1305,65038094136,1204
1306,82417485604,1203
1307,23490868997,1201
1308,55307299248,1192
1309,19585107705,1190
1310,70969465360,1190
1311,62009586337,1190
1312,11422053652,1188
1313,42752230305,1186
1314,36747959917,1185
1315,27099208477,1184
1316,92064565896,1183
1317,93442141629,1182
1318,32812230887,1180
1319,11422618712,1179
1320,97453536197,1176
1321,80753862231,1175
1322,52069051820,1175
1323,69320682085,1175
1324,25365595519,1170
1325,54966031548,1167
1326,93077671049,1166
1327,92368600426,1161
1328,40776514177,1161
1329,19249968599,1159
1330,68699143999,1158
1331,95560742626,1157
1332,41188281214,1153
1333,53620352987,1145
1334,74093231988,1145
1335,97212769356,1144
1336,88568633938,1142
1337,96812798687,1139
1338,45339304653,1137
1339,57391651605,1137
1340,17124978176,1134
1341,79941801716,1131
1342,81909596183,1129
1343,74916784885,1128
1344,92895607850,1126
1345,60829135130,1123
1346,34900312172,1117
1347,23931302979,1115
1348,13136513766,1114
1349,95733974200,1113
1350,96323146873,1106
1351,22578135006,1104
1352,75204058478,1102
1353,81578465750,1102
1354,46654841462,1102
1355,54474048212,1101
1356,75077143451,1100
1357,78080443264,1099
1358,50894040234,1099
1359,97952361004,1098
1360,67200153151,1096
1361,49811126264,1094
1362,80089686333,1093
1363,78637548196,1092
1364,57253456204,1090
1365,28510201393,1086
1366,71274812967,1085
1367,71668072331,1085
1368,41424526968,1085
1369,35679080538,1083
1370,66858882701,1082
1371,95834237054,1081
1372,55562579755,1081
1373,30372130473,1078
1374,12426913844,1075
1375,36866208934,1074
1376,29737773005,1074
1377,67275686106,1073
1378,38807802363,1068
1379,70338831249,1068
1380,42226247639,1066
1381,73836969394,1066
1382,76745031694,1065
1383,33226000026,1065
1384,82044452251,1064
1385,26895812037,1063
1386,70217388552,1062
1387,47276015798,1061
1388,16058191622,1059
1389,28517327395,1058
1390,25219450983,1058
1391,77990903737,1056
1392,37621714049,1054
1393,19892730735,1052
1394,64938910147,1049
1395,65452312369,1048
1396,21881994118,1043
1397,97903083009,1036
1398,63360290524,1035
1399,58389062507,1035
1400,51458444343,1033
1401,79657127260,1031
1402,48294754935,1026
1403,45337626814,1026
1404,30209373786,1026
1405,76697587331,1025
1406,50378976033,1025
1407,46308102995,1014
1408,16096277862,1013
1409,46116141083,1011
1410,92773401740,1006
1411,25714080598,1005
1412,80989415297,1001
1413,83559154052,998
1414,71467727041,997
1415,68759076161,990
1416,86130660254,987
1417,71476669593,984
1418,13376463476,982
1419,50667745027,982
1420,31905921746,980
1421,25902222415,980
1422,41957730940,979
1423,23765687737,978
1424,50028551673,978
1425,78663389603,978
1426,75874457161,977
1427,67713855705,976
1428,73761689784,975
1429,73310644622,974
1430,80525145658,973
1431,52037285370,973
1432,46083747689,969
1433,77343745836,967
1434,82843556649,967
1435,38243146530,966
1436,72897360319,961
1437,73841664453,959
1438,70751543592,957
1439,37568109751,954
1440,82179892802,954
1441,93631003539,952
1442,65527917790,950
1443,63461436707,950
1444,99018524323,948
1445,57093429717,948
1446,68645891034,948
1447,47313663897,944
1448,80893432676,944
1449,64941032224,941
1450,23540388582,938
1451,15115332331,938
1452,68092012436,936
1453,53035587173,936
1454,26001500989,936
1455,22811128657,935
1456,23046605325,934
1457,82812059627,931
1458,72652670028,925
1459,28341499489,925
1460,97069390689,924
1461,81572403264,923
1462,96491286698,922
1463,25027599663,919
1464,88717811993,917
1465,69108448846,916
1466,24092849628,915
1467,91085233749,913
1468,96334476428,910
1469,90477374366,908
1470,18525353549,906
1471,60573599765,905
1472,45888399278,902
1473,34940973001,901
1474,50506553485,897
1475,38710494876,894
1476,78850452637,893
1477,58835628923,893
1478,21783961149,892
1479,29730124424,891
1480,89430765327,891
1481,88141903797,891
1482,48624093501,890
1483,96133248275,890
1484,16863641025,889
1485,14148282104,887
1486,70651441723,886
1487,85363843407,881
1488,72167534195,880
1489,68550848674,879
1490,71910092040,877
1491,50885695263,874
1492,62735494616,873
1493,74764807084,871
1494,47484801038,869
1495,74350755562,868
1496,90684382197,866
1497,86253699836,865
1498,77153404511,864
1499,95682671933,861
1500,10342410215,857
1501,66760882355,854
1502,79248381674,853
1503,28464012306,853
1504,67288548470,851
1505,23290056758,850
1506,34564250941,848
1507,61213731974,846
1508,97661757443,845
1509,52989681376,841
1510,33357097824,841
1511,14420598156,841
1512,97434297484,836
1513,24123600795,835
1514,10255988167,832
1515,82998885148,830
1516,35911782646,830
1517,43698901053,829
1518,10553813474,829
1519,57573802697,828
1520,35071907475,828
1521,50644203172,826
1522,98626476096,826
1523,19492220327,825
1524,72366568659,825
1525,15686458582,825
1526,58895707108,824
1527,27406636146,821
1528,52922961938,821
1529,51149146502,820
1530,87178039859,819
1531,22147354496,818
1532,25176526221,818
1533,27801334668,817
1534,48294164165,816
1535,82428360644,813
1536,11802512399,813
1537,78508476745,811
1538,45567605014,809
1539,74753274268,807
1540,79139132553,806
1541,39218053314,806
1542,29202486033,805
1543,48646476949,805
1544,62135501337,804
1545,99100250331,804
1546,47594307487,804
1547,25856363362,803
1548,65735508037,802
1549,99845294286,795
1550,93349773784,794
1551,54654230431,794
1552,72136613350,792
1553,76323008415,792
1554,79008028287,790
1555,92899421466,789
1556,18310531307,788
1557,39260384047,788
1558,62074083335,787
1559,20422223827,787
1560,22335198868,786
1561,32258116290,786
1562,31420388495,786
1563,52838486584,786
1564,63740885149,784
1565,65189626072,783
1566,52606993642,781
1567,44387175188,779
1568,37023533442,777
1569,68189578822,775
1570,32069730393,775
1571,66206584458,772
1572,51304261149,767
1573,90290879666,767
1574,52529569808,766
1575,35195862809,766
1576,88052624284,766
1577,23600565711,765
1578,87853468402,764
1579,63469048699,763
1580,11895748930,762
1581,21614701484,754
1582,83930795096,754
1583,10955677986,754
1584,82545351270,753
1585,90571530554,752
1586,57984259689,751
1587,83147343261,747
1588,71767386617,747
1589,62787106107,745
1590,17684250719,745
1591,18064155652,744
1592,47830349274,744
1593,51291561948,743
1594,68699353442,743
1595,90179131356,742
1596,53496117655,740
1597,52689558435,738
1598,97860823526,738
1599,75900778714,738
1600,49482116099,736
1601,60240099150,734
1602,91338194166,732
1603,66941458060,728
1604,46532597002,727
1605,23541969839,727
1606,19839532017,726
1607,66759753333,725
1608,44313899037,724
1609,76968105359,724
1610,86131077097,721
1611,47485518426,721
1612,77990807356,719
1613,40038882257,719
1614,42191818419,717
1615,67698554653,716
1616,72434058183,715
1617,24179472533,713
1618,62015733331,713
1619,62100554322,712
1620,15612785317,712
1621,54702673300,710
1622,39929271871,709
1623,19455998870,707
1624,17465489150,704
1625,46969224554,704
1626,74719827885,704
1627,18883136194,704
1628,90188095187,703
1629,46389689213,703
1630,38074504441,701
1631,20349182689,700
1632,26974881830,700
1633,39542524740,698
1634,12899341959,696
1635,62818707868,695
1636,60090918663,695
1637,45322831450,695
1638,33344911835,693
1639,24830778398,692
1640,42876620841,692
1641,57540672941,691
1642,40215552134,691
1643,51094717964,690
1644,40305723628,688
1645,17559476022,688
1646,25867961009,688
1647,28124275236,687
1648,64423487782,686
1649,21204719156,685
1650,96794593428,685
1651,97593245639,684
1652,54687916328,682
1653,73500416211,682
1654,10530696903,675
1655,87211363921,673
1656,57079678065,672
1657,20450624188,671
1658,70737217173,668
1659,10385250025,667
1660,38721857169,665
1661,11961681734,664
1662,29859203033,659
1663,84131378699,656
1664,43611981873,653
1665,39220770748,652
1666,44659323510,647
1667,58966366292,647
1668,28339332365,647
1669,80381533940,643
1670,81579058108,643
1671,90459292204,642
1672,95935115082,640
1673,34973148717,638
1674,18904790666,637
1675,97259357542,636
1676,66066213362,636
1677,13086571368,635
1678,30822803386,634
1679,89153112408,633
1680,32772607667,633
1681,56439821700,631
1682,34516414355,630
1683,40490618895,629
1684,26569358936,628
1685,80556041042,627
1686,33099767595,626
1687,78774961599,624
1688,25627894706,624
1689,36861014911,623
1690,51043338345,622
1691,73205504863,622
1692,99478391356,621
1693,88630093420,618
1694,80191930269,617
1695,53339073841,617
1696,55670302206,615
1697,33998551054,614
1698,67853562563,613
1699,46062822745,611
1700,15422452671,609
1701,53778690950,609
1702,20334248803,607
1703,62483383956,607
1704,67810757628,607
1705,31867263249,606
1706,25125950126,606
1707,66149479735,605
1708,17208085375,605
1709,31607615186,604
1710,63214122543,603
1711,93439438419,602
1712,33043043175,600
1713,94609427687,599
1714,81464461997,597
1715,13120157976,596
1716,66983698186,595
1717,46007761675,595
1718,73221370757,594
1719,73227776133,593
1720,87817449611,592
1721,50913027463,591
1722,91455531890,588
1723,96435855846,587
1724,97129028344,586
1725,66818634899,585
1726,65731681830,584
1727,65907027247,584
1728,90625095939,584
1729,41108543298,583
1730,49418428210,582
1731,34437937876,581
1732,87982653381,581
1733,12888399565,580
1734,13272374672,580
1735,35769589414,580
1736,86305947527,579
1737,75720304166,578
1738,45785438987,577
1739,96505481738,577
1740,41489552788,576
1741,37097551567,575
1742,94547309480,574
1743,67868675953,573
1744,79925938654,572
1745,50600353536,571
1746,38086864545,571
1747,15446964877,570
1748,64278053738,569
1749,71361928741,567
1750,46887242827,565
1751,18716225872,564
1752,46145508777,563
1753,90918180829,562
1754,70879262618,559
1755,38672941140,559
1756,54331336835,557
1757,48640772679,557
1758,87380473696,556
1759,10279061213,555
1760,56829863713,555
1761,58825694998,554
1762,66979924731,554
1763,75975626029,554
1764,66858208767,553
1765,12513701055,552
1766,43152535761,551
1767,88047242149,551
1768,53546629749,550
1769,68028409124,550
1770,73555246475,550
1771,66778711798,549
1772,40242962373,549
1773,84048044848,547
1774,76414358676,546
1775,74024744735,546
1776,94040507060,545
1777,16242364669,545
1778,92731708815,544
1779,63549963476,543
1780,13663374533,541
1781,19257772092,541
1782,72436557937,541
1783,48214071373,540
1784,26603390734,540
1785,56489374516,540
1786,85148942307,540
1787,53258875124,539
1788,11974270529,538
1789,22606727520,538
1790,27581734019,537
1791,85482742429,536
1792,30035541512,535
1793,13942467372,534
1794,47740919232,534
1795,66416089484,534
1796,23055736061,534
1797,55828706874,533
1798,12183270048,531
1799,72064213561,531
1800,32413511882,531
1801,44069268193,530
1802,20797699905,529
1803,91374143276,529
1804,41481009028,529
1805,86416078719,527
1806,19995295153,525
1807,99319455478,524
1808,47524805326,523
1809,40210282064,523
1810,99410502449,522
1811,41237771126,519
1812,55023001789,519
1813,56429066925,518
1814,80421506936,518
1815,14278929774,518
1816,88587718979,517
1817,37176176705,517
1818,61335088393,517
1819,40559163709,516
1820,94833823558,515
1821,75775044618,515
1822,12395011633,515
1823,81227400064,514
1824,63453073175,513
1825,13902377680,513
1826,60616659469,513
1827,54994826109,511
1828,63818670309,511
1829,57626266756,511
1830,77259097820,510
1831,80104662510,509
1832,64953561005,508
1833,64431686132,507
1834,67696830978,506
1835,41485392864,506
1836,20642885273,505
1837,91178385997,505
1838,51258621486,505
1839,81299585288,504
1840,58776930712,504
1841,68252147715,503
1842,89271971543,503
1843,27094414625,502
1844,98627514823,502
1845,55306842177,502
1846,23661853559,501
1847,34568005237,500
1848,41305045812,499
1849,29074473351,499
1850,63830011067,498
1851,62363832078,498
1852,93292821052,498
1853,25349409223,498
1854,86907350198,497
1855,78187460332,496
1856,75242363611,495
1857,89973342551,495
1858,35144409275,495
1859,82636765812,494
1860,63470567616,494
1861,18924241226,494
1862,29748559436,494
1863,54509096655,494
1864,28647642474,493
1865,73242832551,493
1866,57862801023,492
1867,80499846916,492
1868,39112692726,491
1869,40908151498,491
1870,19734745008,491
1871,43753915542,491
1872,82852293268,491
1873,15297597516,490
1874,15870230869,490
1875,83421619944,489
1876,73416415122,489
1877,48290289285,489
1878,74175386039,489
1879,51001050159,488
1880,66672864977,488
1881,76385491690,488
1882,78822658788,488
1883,31562649946,486
1884,84507210939,486
1885,69786030824,485
1886,36139372130,485
1887,20036872831,484
1888,55883454313,484
1889,42590000698,484
1890,28855451293,483
1891,37442271968,483
1892,31823794994,480
1893,94801884806,479
1894,17009186054,478
1895,86885252971,478
1896,55101569426,478
1897,57223200264,478
1898,17469082744,477
1899,27851049264,475
1900,37304535258,475
1901,58596147982,474
1902,87203239896,474
1903,67692278478,473
1904,51221851716,473
1905,78142743559,471
1906,27610959380,471
1907,25939878512,471
1908,68112267199,470
1909,44997402413,469
1910,16254418652,469
1911,26539386750,468
1912,27657048362,466
1913,21911286661,466
1914,23617533061,465
1915,87214879575,465
1916,11766327188,464
1917,73843758222,464
1918,77397924030,464
1919,25607153542,461
1920,77924688488,461
1921,20544804614,460
1922,80389596712,459
1923,34268093162,459
1924,91760304024,459
1925,99115883676,459
1926,11243046390,459
1927,29317230624,459
1928,52536215795,458
1929,27110349542,457
1930,79517819732,457
1931,81454203401,456
1932,31969118588,456
1933,38664088375,456
1934,91134280199,456
1935,71305424518,456
1936,37629693091,455
1937,60821630269,454
1938,12741443840,454
1939,90011689258,453
1940,61238934884,452
1941,74798553636,452
1942,21645141747,452
1943,13555086357,451
1944,56779111060,451
1945,29680923658,450
1946,45328073484,449
1947,63734543365,449
1948,55279811979,449
1949,46630037650,449
1950,36235884040,448
1951,38363946876,448
1952,79301733106,448
1953,11024352823,447
1954,37106509177,447
1955,42735118354,447
1956,99229845016,447
1957,41657963012,447
1958,45827935127,446
1959,55348614885,446
1960,39192981624,445
1961,10930486968,445
1962,88389375042,445
1963,67244956961,445
1964,50185854379,444
1965,71825376355,444
1966,52129026374,444
1967,61060163427,443
1968,85385819407,442
1969,35661290048,442
1970,73918814753,442
1971,63071746690,442
1972,14878918457,442
1973,65265226392,440
1974,18905299698,439
1975,10545955006,439
1976,59274084898,439
1977,54024111976,437
1978,11981237946,437
1979,37578923779,436
1980,96911331900,436
1981,73528552702,436
1982,35620324777,436
1983,15896837295,435
1984,21162389643,435
1985,76070803743,434
1986,28663538418,433
1987,53501895098,432
1988,95692868757,432
1989,66678363248,431
1990,54988683231,431
1991,56680601741,431
1992,37829861545,431
1993,23942094477,431
1994,73252278568,431
1995,81836621910,430
1996,51493378591,430
1997,24627889739,429
1998,36291259608,429
1999,11470993597,429
2000,69392492576,429
2001,62692834922,428
2002,31092671220,428
2003,50450845980,428
2004,75919025716,428
2005,84674182559,428
2006,79377496749,427
2007,61310985405,426
2008,56624752594,425
2009,45281821904,423
2010,80699593918,422
2011,67920961191,421
2012,10702078694,418
2013,86844861009,418
2014,23812588784,417
2015,21024150335,417
2016,31245723081,416
2017,59962058395,416
2018,74874670528,416
2019,35883675055,416
2020,45159852190,415
2021,44488833452,414
2022,43801715289,414
2023,83577754480,414
2024,64145901913,414
2025,22288600259,413
2026,19633197919,413
2027,64928973842,412
2028,99217762645,411
2029,60876328805,411
2030,30288006732,410
2031,75022145904,409
2032,23956501449,409
2033,54900312378,408
2034,93429143824,406
2035,63286055458,405
2036,93580972005,404
2037,87076215407,404
2038,84357911995,404
2039,92516609757,403
2040,13290952071,402
2041,32446633720,401
2042,16676754730,401
2043,81021509523,400
2044,69983246412,398
2045,88539253623,398
2046,11452293720,397
2047,61085944703,397
2048,76020856062,397
2049,25762836422,396
2050,91404276865,396
2051,15135045968,396
2052,50467745297,396
2053,38194917037,396
2054,27332799149,394
2055,50467815381,394
2056,24848244496,394
2057,82307164889,393
2058,93669046600,391
2059,50476338980,390
2060,74423856957,389
2061,69202616607,388
2062,52684532353,386
2063,97353800246,386
2064,10192359162,385
2065,19925160030,385
2066,71612636096,385
2067,36758807067,384
2068,58866359477,383
2069,26945243832,383
2070,77032515735,383
2071,46292420800,382
2072,46372571372,381
2073,14820207872,380
2074,91212040913,379
2075,95402237897,379
2076,74959038046,378
2077,30299051123,378
2078,98659140422,377
2079,73225085327,377
2080,64112855512,376
2081,76655671119,376
2082,82079072750,375
2083,79789227737,375
2084,37419282352,375
2085,83045786081,374
2086,55844327847,374
2087,17429613585,374
2088,44779505142,374
2089,71982729179,373
2090,24164521701,371
2091,15965199256,371
2092,31686734877,371
2093,87984437233,370
2094,31330885977,369
2095,83679168109,369
2096,10995883576,369
2097,58139231665,368
2098,31681476434,368
2099,92834298371,368
2100,88492245451,367
2101,76149814641,367
2102,44837192214,367
2103,24746574507,367
2104,58870269317,366
2105,90522979771,366
2106,73752456534,366
2107,28803237812,365
2108,79446222046,365
2109,72361927236,365
2110,29351616009,365
2111,87285933135,365
2112,10860706939,364
2113,97412669819,363
2114,85590755551,363
2115,15937271532,363
2116,18306927906,362
2117,31456306765,362
2118,61050921768,361
2119,51890035872,360
2120,42822345560,360
2121,93096883450,360
2122,97283139514,360
2123,18547244547,360
2124,43833568675,357
2125,17291470169,357
2126,51080350356,357
2127,55402538421,357
2128,55661978105,356
2129,33412969398,356
2130,95532818035,355
2131,83058563505,354
2132,15073534664,353
2133,63861708370,353
2134,81561729667,353
2135,63523606379,352
2136,87459862096,352
2137,57680172958,351
2138,69135584329,351
2139,63433167613,351
2140,25624067782,351
2141,22084888224,351
2142,67216839360,351
2143,53655334735,350
2144,34922750917,350
2145,49069349536,350
2146,90909466474,349
2147,46185641901,349
2148,67419861441,349
2149,14559784311,347
2150,80213126311,345
2151,70106809650,344
2152,45105237896,344
2153,78230317507,344
2154,71757256494,342
2155,24683655751,342
2156,74444459322,341
2157,14316652139,341
2158,19127906616,340
2159,56709391097,340
2160,41643701801,340
2161,23915266871,340
2162,79178157512,339
2163,64652625932,339
2164,86187992452,337
2165,10187291046,336
2166,58409055337,336
2167,98162727883,335
2168,66034737896,335
2169,67392173147,335
2170,85580030308,334
2171,11633090957,333
2172,34020997841,333
2173,41563576600,333
2174,79469416437,332
2175,53560474586,331
2176,80117428556,331
2177,43329313854,331
2178,52034043972,331
2179,12219088747,330
2180,87919999302,330
2181,35790530993,329
2182,19988273819,329
2183,21782713770,328
2184,55948741668,328
2185,59288709135,328
2186,86904466480,328
2187,42515892480,328
2188,26551094436,328
2189,32842076466,327
2190,88652114856,327
2191,38325541616,325
2192,68631449246,325
2193,62464051354,324
2194,78004123157,324
2195,18146314043,324
2196,29032530325,323
2197,45577247100,323
2198,25971755977,322
2199,20549656225,321
2200,93679380088,320
2201,15093767253,320
2202,17614133590,320
2203,42298598169,320
2204,82798125443,320
2205,49439795725,319
2206,85414931149,318
2207,48196513465,318
2208,53442247174,318
2209,85813310401,318
2210,46456684596,317
2211,88771102187,317
2212,88642718732,316
2213,26994239326,315
2214,81950463278,315
2215,47773139983,315
2216,56236492160,315
2217,86028994742,314
2218,22812667768,314
2219,91154394323,313
2220,28651583807,312
2221,46017523620,312
2222,18120123446,311
2223,77292581216,311
2224,56490929085,311
2225,43930439013,310
2226,35755909141,309
2227,17866919544,309
2228,11089768124,308
2229,74489671755,307
2230,50420515690,307
2231,59358011432,306
2232,83314865468,305
2233,49152510995,304
2234,78864123417,304
2235,17496459532,303
2236,27274388856,302
2237,41847933261,302
2238,21887123887,302
2239,62029309613,301
2240,99554974333,301
2241,78105320756,300
2242,30864611742,300
2243,74309678848,300
2244,19378069235,300
2245,41302588137,299
2246,99861963809,299
2247,18416401655,298
2248,76290947803,297
2249,93712553837,297
2250,56139017231,296
2251,14939466370,295
2252,26925196872,295
2253,40457357336,295
2254,20833247272,295
2255,46961494605,295
2256,31471844679,294
2257,25644665418,294
2258,35990744747,294
2259,87711607508,294
2260,50967757909,294
2261,74505118182,294
2262,47420343703,293
2263,13103397121,293
2264,38425242099,293
2265,85726387922,292
2266,26749181046,291
2267,78914491399,291
2268,94780037589,291
2269,97418230683,291
2270,64859340118,290
2271,36307655284,290
2272,43892584139,289
2273,68514534266,289
2274,94384861814,289
2275,29921604246,287
2276,26358864089,287
2277,49460691968,286
2278,78747520227,285
2279,45940422862,284
2280,18440845368,284
2281,83992396729,284
2282,42598866237,282
2283,12927607277,282
2284,92532402483,281
2285,21552853184,280
2286,26942003693,280
2287,32610248934,280
2288,23455487331,280
2289,92616389691,280
2290,70329431753,279
2291,30689045280,279
2292,41956465747,279
2293,23335369654,279
2294,38675657098,278
2295,68874243493,277
2296,88987269041,277
2297,15582356843,276
2298,56879961531,275
2299,37351213839,274
2300,44828910341,273
2301,93024682653,273
2302,98253764162,272
2303,65161304947,272
2304,59581212604,272
2305,77071952077,271
2306,20717777781,270
2307,56519940783,270
2308,50100476535,270
2309,18112900644,270
2310,35578320747,268
2311,75047095190,268
2312,12380299397,268
2313,69233153226,268
2314,13447019122,268
2315,59468928008,267
2316,42672975886,267
2317,95080143009,266
2318,48758923477,266
2319,87852604073,266
2320,27915232337,265
2321,72647107998,265
2322,32827360566,265
2323,26824240795,264
2324,98487769763,264
2325,28755901991,264
2326,49412216510,264
2327,82843310256,264
2328,40593734741,264
2329,90967287254,263
2330,78037042040,263
2331,82143547560,263
2332,92908611937,263
2333,28159278322,262
2334,48431515375,262
2335,67988680834,261
2336,45865544833,261
2337,88202878932,261
2338,13823979247,260
2339,92437353435,260
2340,32246751900,260
2341,99009287608,260
2342,42676690865,260
2343,44440245427,259
2344,62368259299,259
2345,53635885278,259
2346,42270780873,259
2347,98844249092,259
2348,64521628277,258
2349,71868219093,258
2350,67178153348,257
2351,60922283533,257
2352,39288194590,257
2353,42309113034,257
2354,41544083714,257
2355,45578529693,256
2356,71253802438,256
2357,42105964394,255
2358,97104028372,254
2359,80287080694,254
2360,74044580274,253
2361,86340649164,253
2362,14809247463,253
2363,42878473215,253
2364,88878493736,253
2365,59853422669,252
2366,57082085511,252
2367,51561881468,252
2368,53074973777,251
2369,22298599094,251
2370,93880241546,248
2371,84937597269,248
2372,26413484487,248
2373,20497101151,247
2374,55646417663,247
2375,78893833111,247
2376,90415024734,246
2377,17073441842,246
2378,87622758183,246
2379,97382279968,245
2380,56530958295,245
2381,92680456497,244
2382,41549774177,244
2383,83891433615,244
2384,24701944105,243
2385,36479085063,243
2386,34621449599,243
2387,27397535742,243
2388,82317733329,241
2389,16199101110,241
2390,38990495653,241
2391,48952879715,241
2392,93024392300,241
2393,35253328405,239
2394,19946380099,239
2395,19841142617,239
2396,35632109137,239
2397,91633658840,239
2398,77421432003,238
2399,70258288982,238
2400,21635402842,237
2401,42623634273,237
2402,10746056613,237
2403,36494504426,236
2404,13401263605,236
2405,89073186125,235
2406,30275989942,235
2407,56659127324,235
2408,50859331573,235
2409,67501420176,234
2410,83802687736,234
2411,21003199892,234
2412,14081759429,234
2413,76586641794,234
2414,79707467977,233
2415,97088280855,232
2416,70713877189,232
2417,63907965541,232
2418,51430012025,231
2419,54907027470,230
2420,27470466523,230
2421,24993385051,230
2422,58317155743,230
2423,24131662787,229
2424,15577036924,229
2425,77712035156,229
2426,63937753588,229
2427,86143428477,228
2428,15347709593,228
2429,22900076341,226
2430,21817899740,225
2431,40385667489,224
2432,75419006735,224
2433,36679017165,223
2434,54062916822,223
2435,22184299297,223
2436,83373791025,223
2437,61376261291,223
2438,34402763739,223
2439,34473591341,223
2440,22644977942,222
2441,48100934293,222
2442,93981536412,222
2443,13917288638,222
2444,25407570137,222
2445,63307448428,221
2446,17335347560,221
2447,48770246749,221
2448,35388105918,221
2449,59140301134,220
2450,18737319630,220
2451,18253795725,220
2452,66610548417,219
2453,56463450814,219
2454,62739118502,219
2455,66340635807,219
2456,74509504696,218
2457,66952421200,218
2458,18293836021,217
2459,41566402880,217
2460,74207689493,217
2461,96458464738,217
2462,53402274399,216
2463,93168879476,215
2464,34440496342,215
2465,48791943923,215
2466,22575615382,215
2467,25628686447,215
2468,15971734188,215
2469,74353814311,215
2470,59248738261,215
2471,92822969335,214
2472,43698886228,214
2473,28639309109,214
2474,74684382790,214
2475,33108281623,214
2476,43270522454,213
2477,23399930700,213
2478,33846458525,213
2479,50457372084,213
2480,80621802588,212
2481,55586008544,212
2482,15700338102,212
2483,56210484274,211
2484,41697741069,211
2485,18126169589,211
2486,31202988152,211
2487,22705725824,211
2488,12516851436,210
2489,36628336616,210
2490,41331108470,209
2491,58420836090,208
2492,28024035242,208
2493,91251207679,208
2494,63358217962,208
2495,31471800699,207
2496,95720895543,207
2497,56259793520,207
2498,33076003501,207
2499,20443361465,206
2500,11788487195,206
2501,27674806739,206
2502,69073210783,206
2503,73792600690,205
2504,49285644021,205
2505,56727542957,205
2506,54785263912,205
2507,73440621827,205
2508,48381670641,204
2509,71865847877,204
2510,32423905315,204
2511,34262348703,204
2512,50131473008,204
2513,91000228616,203
2514,32727297124,203
2515,37069107801,202
2516,15043504837,202
2517,16315736437,201
2518,59331766724,200
2519,95508089614,200
2520,60654402457,199
2521,14145464079,198
2522,12031655138,198
2523,12208064492,198
2524,14042321810,198
2525,56683290946,198
2526,75079342466,198
2527,81986204097,198
2528,30775213097,197
2529,32897338221,197
2530,21667858163,197
2531,96215194743,197
2532,32803063236,197
2533,63036541291,197
2534,75683621690,196
2535,86938703369,196
2536,80178350391,196
2537,12296390138,196
2538,29253286472,196
2539,23709946765,196
2540,96884218881,196
2541,59190126409,195
2542,88718271716,195
2543,86741096013,194
2544,64638198267,194
2545,65600957125,193
2546,68977708301,193
2547,98957925622,193
2548,20847737557,192
2549,52827561456,192
2550,67610254313,191
2551,32873803804,191
2552,84226109829,191
2553,99987905597,191
2554,43065012749,191
2555,37320515399,190
2556,54273147353,190
2557,47148752699,190
2558,17294075449,190
2559,86369183535,189
2560,17386856164,189
2561,36461610866,189
2562,80597774208,188
2563,82403922740,188
2564,53769121598,188
2565,54136363643,188
2566,64498959678,187
2567,54751110960,187
2568,86850237223,187
2569,84790489548,186
2570,50766787885,186
2571,86145109204,186
2572,69911676985,185
2573,45432243315,185
2574,94419910973,185
2575,47630053533,184
2576,35225211178,184
2577,66445536477,184
2578,92201452594,183
2579,37835781615,183
2580,31869958432,183
2581,25545080719,183
2582,38361767065,183
2583,70268417986,183
2584,74084069481,183
2585,14530561097,183
2586,14762929642,183
2587,33026294208,182
2588,73713369509,182
2589,12578813079,181
2590,66601385949,180
2591,76006740240,180
2592,56030772622,180
2593,58408723909,180
2594,63408991537,180
2595,62422038748,180
2596,98057649908,180
2597,28449116125,179
2598,84923186920,179
2599,82218291560,178
2600,46079095809,178
2601,33885350311,178
2602,37718833659,178
2603,19687751331,177
2604,89245892885,177
2605,83199298021,177
2606,77834689084,177
2607,93903889529,176
2608,88923351769,176
2609,40561597210,176
2610,37505212069,176
2611,98527912956,175
2612,64196096120,175
2613,47100336491,175
2614,55039720870,174
2615,96178360210,174
2616,23305324752,174
2617,14602793938,173
2618,50551188214,173
2619,70385277162,173
2620,30434864008,172
2621,75726900852,172
2622,22528859307,172
2623,54361802955,172
2624,30403523748,171
2625,50463196502,171
2626,37850439589,171
2627,83421534972,170
2628,30772059502,170
2629,75875494789,170
2630,70027786217,170
2631,53378405666,169
2632,61958699237,169
2633,82499272010,169
2634,53331457650,169
2635,52813650988,169
2636,71649111610,169
2637,56204411255,169
2638,11304124014,168
2639,93700243350,168
2640,80121625734,168
2641,39660241973,167
2642,30378250411,167
2643,89596715410,167
2644,70529552669,166
2645,62981190818,166
2646,22090875218,166
2647,94662990903,166
2648,84647062762,165
2649,59659309503,165
2650,97443126375,165
2651,85715076054,164
2652,90058450104,164
2653,30571576650,164
2654,83137200038,163
2655,26045642664,163
2656,41329164057,163
2657,41197194464,163
2658,22614311069,163
2659,91104916025,162
2660,55270512213,162
2661,75602537182,162
2662,19844927419,162
2663,75239540583,162
2664,56923368251,162
2665,43980535151,161
2666,64435268766,161
2667,67520251416,161
2668,12171241826,160
2669,29782968433,160
2670,80269355438,159
2671,16404532871,159
2672,60403857139,159
2673,18651012250,159
2674,21474173492,158
2675,36800144612,158
2676,78585563847,157
2677,60876187134,157
2678,88712190602,157
2679,10430380319,156
2680,84213521057,156
2681,93658191062,156
2682,70885562894,155
2683,31363277682,155
2684,73463200282,155
2685,74526386577,155
2686,64295673283,154
2687,60123474601,154
2688,79390569536,154
2689,72886104064,154
2690,40711681376,154
2691,90967931475,153
2692,98437998830,153
2693,78957925458,153
2694,32173481131,152
2695,64960464534,152
2696,70401028896,152
2697,26259500279,151
2698,51423645458,151
2699,36961482719,151
2700,17965654828,151
2701,54071870652,151
2702,93167982218,150
2703,46898641989,150
2704,34591758600,150
2705,72296826112,150
2706,69576401798,149
2707,13248824465,149
2708,72399160347,149
2709,87769349119,149
2710,81099631357,149
2711,49802393568,149
2712,69418468754,149
2713,94631077822,149
2714,27132352768,148
2715,69107197788,148
2716,78980774216,148
2717,86269318582,148
2718,70734215049,148
2719,15070005651,148
2720,56945094143,147
2721,44576099269,147
2722,15998215727,147
2723,69883578383,146
2724,83159206648,146
2725,83077046675,146
2726,95013376739,145
2727,16500351705,145
2728,96381568282,145
2729,87122475882,145
2730,50027089877,144
2731,89590900097,144
2732,82524209016,144
2733,31003199153,144
2734,58812213085,144
2735,14555045817,144
2736,13297955415,143
2737,68257308107,143
2738,25035618251,142
2739,64208631487,142
2740,43909512451,142
2741,19811355860,142
2742,83415851389,142
2743,76628269361,142
2744,26492290179,141
2745,48080014857,141
2746,75453677512,141
2747,89129047209,140
2748,69890387975,140
2749,28451419105,140
2750,37750618930,139
2751,93765834526,139
2752,35480690241,139
2753,53427619838,138
2754,72826002518,138
2755,32262357239,138
2756,79989686193,138
2757,75475421683,138
2758,76910557723,138
2759,60321593978,138
2760,78563968372,137
2761,16771252290,137
2762,38367446372,137
2763,43083074133,136
2764,93121740143,136
2765,69655310165,136
2766,39354019183,136
2767,93693693468,136
2768,47342527664,136
2769,60470122582,136
2770,66770522370,136
2771,49068909356,136
2772,69059526358,136
2773,49715970676,136
2774,13571059405,135
2775,89029397913,135
2776,52310302169,135
2777,63549078265,135
2778,97862445979,135
2779,13159730941,134
2780,66465228073,134
2781,18180785640,134
2782,76072100561,134
2783,70805280228,134
2784,29491615873,134
2785,27407519046,134
2786,31337247877,133
2787,91166993316,133
2788,61562383191,133
2789,35393810060,133
2790,38737299876,133
2791,14089706307,133
2792,84810238439,132
2793,32196789327,132
2794,45907060380,131
2795,96946925998,131
2796,13108046922,131
2797,54893491429,131
2798,64297965205,131
2799,63265918828,131
2800,24724058205,130
2801,99974311662,130
2802,52451319982,130
2803,87788702467,130
2804,12185659961,130
2805,42665580539,130
2806,92007575783,130
2807,21901704733,130
2808,93072925663,129
2809,81103556310,129
2810,13461552885,128
2811,69994151040,128
2812,55096581107,128
2813,60429241521,128
2814,73823772191,127
2815,36874828466,127
2816,45461747256,127
2817,26821904622,127
2818,62040991164,127
2819,87092867947,126
2820,65278963534,126
2821,30439702384,126
2822,85350608395,126
2823,56347643455,126
2824,95938358124,126
2825,88218638184,126
2826,15544195408,126
2827,77074922873,126
2828,93230533382,126
2829,60072023557,125
2830,52763133264,125
2831,85151559066,125
2832,34365441985,125
2833,38612000811,125
2834,33070920679,125
2835,15157368385,125
2836,71002398501,124
2837,16550028284,124
2838,28175132063,124
2839,83691794327,124
2840,94206932226,124
2841,24952685426,124
2842,50623435704,123
2843,29780390141,123
2844,48890662808,123
2845,21548346742,123
2846,71035024987,123
2847,83004629651,123
2848,82487226263,122
2849,59366832940,122
2850,98508290651,122
2851,38325909884,121
2852,97089682451,121
2853,79786100790,121
2854,52985233084,121
2855,23398653749,120
2856,60470829287,120
2857,31587341011,120
2858,45644137007,120
2859,82388404800,120
2860,62381947723,120
2861,36325756075,120
2862,92202115241,120
2863,35286003506,120
2864,80779713037,119
2865,79287836711,119
2866,99378147610,119
2867,93018282444,119
2868,95566253960,119
2869,18376556220,119
2870,42497793396,119
2871,63442187477,119
2872,29778062495,118
2873,51759688899,118
2874,73046248717,118
2875,87070475031,118
2876,61867784114,118
2877,28771494032,118
2878,18714755910,117
2879,22248828825,117
2880,92403716863,117
2881,31323293694,117
2882,89598973352,117
2883,54171624416,117
2884,95331380653,116
2885,56993545247,116
2886,50951615219,116
2887,26341565445,116
2888,35188460630,116
2889,42940970845,115
2890,76021079177,115
2891,57860746842,115
2892,34978524408,114
2893,97802179094,114
2894,45504841435,114
2895,96230979998,114
2896,92077815673,114
2897,79890957413,113
2898,42633587085,113
2899,51026003250,113
2900,53872162300,113
2901,64931596817,113
2902,85085859341,113
2903,43861698351,112
2904,81080057116,112
2905,71922512366,112
2906,39198539067,112
2907,50931818377,112
2908,81231087950,112
2909,55641364241,112
2910,30169909013,112
2911,73004400052,112
2912,45162888565,112
2913,85618614233,111
2914,35713332328,111
2915,91744809343,111
2916,94973496683,111
2917,71029007948,111
2918,56002073911,110
2919,15332026424,110
2920,89097490915,110
2921,90689166680,110
2922,34377873597,110
2923,41072674090,109
2924,70070001855,109
2925,85717338751,109
2926,79572520294,109
2927,21166508693,108
2928,43034165541,108
2929,86094613754,108
2930,86681981623,108
2931,95799102190,108
2932,62774554856,108
2933,78279649113,107
2934,93741030320,107
2935,83261038949,107
2936,98649976089,107
2937,13770392625,107
2938,45367256033,107
2939,57937788884,107
2940,49736594003,107
2941,45558962649,106
2942,97164071366,105
2943,96550897244,105
2944,34768249497,105
2945,22629400849,105
2946,55878420190,104
2947,70067721091,104
2948,70561019208,104
2949,68581310909,104
2950,81471697088,104
2951,49837617638,103
2952,84056759251,103
2953,10596295795,103
2954,94449176518,103
2955,64185141673,103
2956,59614227972,103
2957,65401793264,102
2958,41334628518,102
2959,54528548574,102
2960,76934435529,102
2961,33790986203,102
2962,62711420968,102
2963,31029589578,102
2964,32493270774,102
2965,31238575689,102
2966,40916035557,101
2967,45344861464,101
2968,71640437036,101
2969,73376110977,101
2970,44010826572,101
2971,61968317984,100
2972,77370079637,100
2973,21156812402,100
2974,98400051901,99
2975,90920473693,99
2976,52129470223,99
2977,87915290368,99
2978,93351929638,99
2979,11848576000,99
2980,98336281865,99
2981,60421951083,99
2982,12353567572,99
2983,86596364671,99
2984,36002228596,99
2985,48421784228,98
2986,74752814665,98
2987,92374002696,98
2988,10854978569,98
2989,39247174689,98
2990,97465686404,97
2991,93977601095,97
2992,91363040650,97
2993,60061618643,97
2994,30140204602,97
2995,98006646106,97
2996,66228393506,97
2997,56482885504,96
2998,24992522061,96
2999,70344541271,96
3000,65741331791,96
3001,99272161508,96
3002,46358962964,96
3003,41528904756,96
3004,33783846300,95
3005,37322527524,95
3006,63862862264,95
3007,31759308958,95
3008,68840051984,94
3009,62241198510,94
3010,31840064969,94
3011,78118727544,94
3012,69058858940,94
3013,24976666868,94
3014,45247456727,94
3015,17541067926,93
3016,89175693833,93
3017,29956692423,93
3018,78207255639,93
3019,75475698329,93
3020,72058040180,93
3021,30429611528,93
3022,56014638362,93
3023,55193751157,93
3024,51589191140,93
3025,14522297874,93
3026,42330360779,92
3027,82949994030,92
3028,66069111675,92
3029,59969380468,92
3030,88106318416,92
3031,48666632255,92
3032,26080015717,92
3033,31068797937,91
3034,61675439608,91
3035,39759375662,91
3036,70754621933,91
3037,70356719692,91
3038,11208869091,91
3039,34178940059,91
3040,18923178136,90
3041,47407563525,90
3042,63275985428,90
3043,44345785419,90
3044,75517762890,90
3045,67220823151,89
3046,35260204943,89
3047,74990074874,89
3048,17189523131,88
3049,77617184086,88
3050,16941018799,88
3051,39354007155,88
3052,48817595168,88
3053,62854571289,88
3054,93156930881,87
3055,79355626551,87
3056,59417171491,87
3057,83808438024,87
3058,35176289951,87
3059,97217894162,87
3060,83878211395,86
3061,28504709344,86
3062,73266193202,86
3063,53042661217,86
3064,60714620509,86
3065,52375327397,86
3066,60963420870,85
3067,58495294020,85
3068,72677672233,85
3069,42399949944,85
3070,34444004774,85
3071,76235641670,85
3072,63419471661,85
3073,53367901558,85
3074,86899611571,84
3075,71703054238,84
3076,93560646170,84
3077,16432242544,84
3078,46916077029,84
3079,82627733660,84
3080,86081102504,84
3081,75547072158,83
3082,61910841091,83
3083,79825619910,83
3084,65345485504,83
3085,86670100004,83
3086,52618285087,82
3087,37802138328,82
3088,59873499253,82
3089,29839336901,82
3090,54089653894,82
3091,45636462354,82
3092,47436492987,82
3093,79306976993,81
3094,50142652861,81
3095,13945345356,81
3096,14666015798,81
3097,76351957431,81
3098,51479541036,81
3099,22615718811,81
3100,51525959170,81
3101,37440780757,81
3102,12476477880,81
3103,20131680113,81
3104,85730774549,81
3105,14955471775,80
3106,60196678179,80
3107,44674493330,80
3108,73753317382,80
3109,74275445911,80
3110,12037481016,80
3111,98121323050,79
3112,35246778333,79
3113,58380745308,79
3114,37927728172,79
3115,87451351990,79
3116,43065448760,79
3117,22792191490,79
3118,21498909695,79
3119,86889657711,79
3120,72286618594,79
3121,12497320096,79
3122,17476208631,78
3123,40819329493,78
3124,83878213821,78
3125,73649365788,78
3126,28562620525,78
3127,74845501802,78
3128,32594843603,78
3129,29624063484,77
3130,23812847062,77
3131,71063445046,77
3132,23078969912,77
3133,80821603856,77
3134,57508813253,77
3135,22552769838,77
3136,93320824983,77
3137,92068365770,76
3138,97598804219,76
3139,24147681440,76
3140,14675858680,76
3141,82814082077,76
3142,52655785808,76
3143,19757865821,76
3144,26945291705,76
3145,13611382586,76
3146,16178821827,76
3147,16334864366,75
3148,10463252268,75
3149,63735907565,75
3150,52746698475,75
3151,65739256790,75
3152,91584444262,75
3153,35575706403,75
3154,76191648069,75
3155,24155164444,74
3156,39656540901,74
3157,10385163239,74
3158,25963848680,74
3159,94793419942,74
3160,69381712591,74
3161,62499158977,74
3162,25499263184,74
3163,19848020292,74
3164,87566366459,73
3165,28490495118,73
3166,76844649719,73
3167,48807515867,73
3168,31570712230,73
3169,10651113986,72
3170,24451148103,72
3171,13631004035,72
3172,12374632228,72
3173,85449177396,72
3174,69726000438,72
3175,73973714129,72
3176,18355044772,71
3177,42724910979,71
3178,68889885215,71
3179,63491526748,71
3180,53415858879,71
3181,79100970961,71
3182,22191978114,70
3183,87453687431,70
3184,11134994590,70
3185,95276443363,70
3186,72267722034,70
3187,10922217544,70
3188,66015997670,70
3189,26500650326,70
3190,72758063852,70
3191,29524720064,70
3192,53284532894,70
3193,64609388293,70
3194,41081202656,69
3195,97197615043,69
3196,13986396343,69
3197,12840456630,69
3198,42562731929,69
3199,80932809713,69
3200,55407818029,69
3201,85722411612,69
3202,48687812209,69
3203,98203593138,69
3204,44496269421,69
3205,98416715677,68
3206,58382897215,68
3207,56191979620,68
3208,11149063370,68
3209,50446282783,68
3210,31595398112,68
3211,72932341819,68
3212,49647278647,67
3213,59039508122,67
3214,74061266589,67
3215,97884414539,67
3216,78916025936,67
3217,93732268717,67
3218,72660843393,67
3219,28324185214,66
3220,13473158710,66
3221,44780781318,66
3222,16796167828,66
3223,65027706740,66
3224,16143938351,66
3225,51906535389,66
3226,15353137412,66
3227,83113618128,66
3228,57230218402,65
3229,31468420954,65
3230,83702983188,65
3231,61547674285,65
3232,27014190836,65
3233,95042115737,65
3234,76722958482,64
3235,25487349674,64
3236,21667845371,64
3237,45601456298,64
3238,53599011106,64
3239,84709480584,64
3240,32566134208,64
3241,63710240186,63
3242,72762528640,63
3243,44527459864,63
3244,19468125152,63
3245,81906511933,62
3246,85881115796,62
3247,41333655501,62
3248,99445005261,62
3249,94380689142,62
3250,88079931689,62
3251,33969442512,62
3252,61728854460,62
3253,96568074533,62
3254,14570580767,62
3255,43551786225,61
3256,13822969155,61
3257,75452980559,61
3258,70783350473,61
3259,41081871148,61
3260,93095540883,61
3261,96545108198,61
3262,23867882346,61
3263,74882079282,61
3264,22926973508,61
3265,19770897283,60
3266,84124629080,60
3267,25619276404,60
3268,88040874613,60
3269,75522897148,59
3270,19894828184,59
3271,25245001422,59
3272,96885194635,59
3273,55749740446,59
3274,24462154202,59
3275,12404803031,59
3276,35475436187,59
3277,56796074347,59
3278,54400686779,59
3279,65453072511,58
3280,49368160590,58
3281,16903677169,58
3282,70580157002,58
3283,42061762079,58
3284,12847992240,58
3285,45677220012,58
3286,70417126663,58
3287,83901679234,57
3288,60975088321,57
3289,81325516978,57
3290,25794433887,57
3291,84355195068,57
3292,56488744658,56
3293,32934378210,56
3294,78403451584,56
3295,25704682559,56
3296,66302484683,56
3297,47087026221,56
3298,33784872304,56
3299,71376104230,56
3300,93238141799,56
3301,82803045102,56
3302,17435313552,56
3303,86744504251,56
3304,78734418649,56
3305,33854504524,56
3306,69059526279,56
3307,43458285598,56
3308,37470904997,56
3309,33223110337,55
3310,81169447736,55
3311,47124041214,55
3312,13066244467,55
3313,47422313909,55
3314,86379949294,55
3315,37759101222,55
3316,70214456178,55
3317,41991231044,55
3318,51420872378,55
3319,25103945596,55
3320,61812192237,55
3321,82830773225,54
3322,82882476966,54
3323,99022662131,54
3324,76183421494,54
3325,24245553756,54
3326,36300724008,54
3327,90058425621,54
3328,80116239104,54
3329,85990355197,54
3330,33587480673,54
3331,77702973864,54
3332,66522814831,54
3333,48220830699,54
3334,70498641647,54
3335,73745079397,53
3336,29745128769,53
3337,35906534450,53
3338,89687562876,53
3339,82851440438,53
3340,98065308169,53
3341,47192976569,52
3342,11590404675,52
3343,67437008946,52
3344,11076688542,52
3345,61745157507,52
3346,21804816746,52
3347,98028977660,51
3348,93543412337,51
3349,95475413965,51
3350,76899079409,51
3351,65276790047,51
3352,33806831488,51
3353,86402909403,51
3354,20213430114,51
3355,78433042891,51
3356,34430258507,51
3357,66943181420,51
3358,88487804108,51
3359,36105696102,50
3360,58977869394,50
3361,48185232979,50
3362,35387407637,50
3363,15302620892,50
3364,71729809380,50
3365,21437482304,50
3366,99063901069,50
3367,41171731175,50
3368,31263348006,49
3369,70196084748,49
3370,81917023918,49
3371,88299699256,49
3372,26482181417,49
3373,14796275705,49
3374,79931898050,49
3375,73668345880,49
3376,62743415502,49
3377,32165886699,49
3378,25880142934,49
3379,92594285117,49
3380,75783319472,49
3381,35385390863,49
3382,13106608471,49
3383,39473654822,49
3384,97296257023,49
3385,25707254891,49
3386,15795298692,49
3387,13061606045,48
3388,46471185478,48
3389,17028880379,48
3390,64033337945,48
3391,98596134379,48
3392,47694806294,47
3393,73199959867,47
3394,71616292306,47
3395,99307259953,46
3396,23222608112,46
3397,78150905875,46
3398,30203637111,46
3399,33364563448,46
3400,22678591293,46
3401,63796115293,46
3402,61333423388,46
3403,89741543872,46
3404,30674020809,46
3405,56140067651,45
3406,42077919948,45
3407,82642449321,45
3408,27573216953,45
3409,46050001394,45
3410,52388886012,45
3411,87369323065,45
3412,21263722044,45
3413,80338507655,45
3414,30749472383,44
3415,66527348775,44
3416,34530907184,44
3417,92935086354,44
3418,87931914124,44
3419,52441951858,44
3420,82825632196,44
3421,27580593799,44
3422,90976587185,43
3423,99802335254,43
3424,26465868807,43
3425,36662964956,43
3426,43590095676,43
3427,51253553943,43
3428,12710873213,43
3429,34322206505,43
3430,49153780138,43
3431,53300696557,43
3432,19119901659,43
3433,43838212570,43
3434,20774839004,42
3435,54292545196,42
3436,38251474462,42
3437,68398369995,42
3438,56738437245,42
3439,32380337852,42
3440,38986645707,42
3441,36436872469,42
3442,16019856141,42
3443,27452194956,42
3444,66499078575,42
3445,18135911314,42
3446,16423528990,42
3447,79485323533,42
3448,54762063900,41
3449,59153557367,41
3450,93346068525,41
3451,82225148007,41
3452,32598536052,41
3453,12133839110,41
3454,32943566946,41
3455,53747773889,41
3456,22168725907,41
3457,42950328371,41
3458,78949485914,41
3459,13606543798,41
3460,71363265090,41
3461,12711807314,41
3462,69936752900,41
3463,60152133722,40
3464,71118957552,40
3465,63826476372,40
3466,80398579170,40
3467,52351039440,40
3468,38721422513,40
3469,43835684204,40
3470,13900607417,40
3471,96809815920,40
3472,10364012396,40
3473,72780061668,40
3474,63948652504,40
3475,90739983707,40
3476,87284273126,39
3477,29687247370,39
3478,75178170066,39
3479,34048570533,39
3480,77909777861,39
3481,41331227038,39
3482,51332765081,39
3483,23322235350,39
3484,81621391082,38
3485,47393015569,38
3486,92482981458,38
3487,29413883988,38
3488,38180882926,38
3489,84228395458,38
3490,98395101740,38
3491,90360585833,38
3492,87070619541,38
3493,78526643558,38
3494,68015860722,38
3495,67138995619,38
3496,17611272180,38
3497,88253903277,38
3498,32619416776,38
3499,33967237843,37
3500,61766463985,37
3501,61243536058,37
3502,86201172910,37
3503,99473039626,37
3504,44771894352,37
3505,38864597115,37
3506,64464998822,37
3507,66482985683,37
3508,88935026131,37
3509,12161076724,37
3510,34861537920,37
3511,81615080499,37
3512,31861513116,37
3513,12103450178,36
3514,35754571357,36
3515,25019506172,36
3516,43426057710,36
3517,92426644718,36
3518,97590358496,36
3519,76241460849,36
3520,42420316138,35
3521,49063322245,35
3522,55997183965,35
3523,41594644510,35
3524,99358609752,35
3525,31770481079,35
3526,48883076820,35
3527,59547553329,35
3528,44486718758,35
3529,95149235949,34
3530,28555022437,34
3531,64272336774,34
3532,94848797110,34
3533,66650274915,34
3534,91880575299,34
3535,62924351636,34
3536,96336573256,33
3537,40751557554,33
3538,91426391836,33
3539,33581972361,33
3540,43308864284,33
3541,55622580330,33
3542,55306852930,33
3543,29276411530,33
3544,90938232295,33
3545,98020727651,33
3546,86137100428,32
3547,35381098677,32
3548,83841202959,32
3549,89389708676,32
3550,33765505000,32
3551,77334889816,32
3552,95856918319,32
3553,46668174318,32
3554,24314208971,32
3555,50921929340,32
3556,79143633916,32
3557,26763947687,32
3558,76541333930,32
3559,54860127682,32
3560,93936767851,32
3561,41378282924,32
3562,67842910518,32
3563,20877828351,31
3564,77593244679,31
3565,56554875815,31
3566,15514494276,31
3567,57782107253,31
3568,43078277216,31
3569,89023030428,31
3570,68096660401,31
3571,36502394145,31
3572,72692207411,31
3573,87898093521,31
3574,80067991455,31
3575,46666227102,30
3576,43168490529,30
3577,62249204345,30
3578,77747303845,30
3579,97748234104,30
3580,25876985396,30
3581,40836710601,30
3582,66236596240,30
3583,35787272183,30
3584,49867386620,30
3585,56023220219,30
3586,83808082504,29
3587,13803154777,29
3588,29917527785,29
3589,51266227991,29
3590,35267193658,29
3591,21166782413,29
3592,30137717102,29
3593,52969453577,29
3594,39906633476,29
3595,97638827169,29
3596,87759704856,29
3597,98003940525,29
3598,41670880601,29
3599,56479646937,29
3600,21616154893,29
3601,62807084929,29
3602,70118030493,29
3603,62379298278,29
3604,94951665897,28
3605,87233538213,28
3606,17266923036,28
3607,66698569367,28
3608,96644709080,28
3609,21986309398,28
3610,63948574402,28
3611,91582338269,28
3612,93932766844,28
3613,66532942314,28
3614,14315147591,28
3615,78177627659,28
3616,35979239098,28
3617,77898879994,28
3618,99990536339,27
3619,26710073457,27
3620,15704713883,27
3621,55902748589,27
3622,56939946451,27
3623,52956509597,27
3624,80731100978,27
3625,35079621278,27
3626,34703763702,26
3627,10385011947,26
3628,92693781303,26
3629,82063890289,26
3630,94601812317,26
3631,37238742140,26
3632,52379134298,26
3633,64523396248,26
3634,59739116052,26
3635,53600852724,26
3636,23388327799,26
3637,60318067173,26
3638,56806164521,26
3639,68233865253,26
3640,45783462228,26
3641,44539609516,26
3642,93378757859,26
3643,98861981558,25
3644,76818455401,25
3645,26025787253,25
3646,33925457242,25
3647,18600250054,25
3648,25737175575,25
3649,84448198573,25
3650,60778762062,25
3651,58869593769,25
3652,35194643826,25
3653,15527324674,25
3654,95005191321,25
3655,17799557745,25
3656,86441371046,24
3657,46087176984,24
3658,69030600619,24
3659,13067850740,24
3660,95613237079,24
3661,20415536115,24
3662,81271508783,24
3663,96730987906,24
3664,69893361647,24
3665,21073645356,24
3666,60646270419,23
3667,66690609706,23
3668,93090969200,23
3669,29505435279,23
3670,70306626982,23
3671,52034783403,23
3672,80837517456,23
3673,33754604709,23
3674,42657888176,23
3675,90909339288,23
3676,64821359458,23
3677,58786009971,22
3678,61813633430,22
3679,29681526553,22
3680,85684792409,22
3681,56018978883,22
3682,68656010159,22
3683,20073297612,22
3684,94446707800,22
3685,33654290585,22
3686,89575340835,22
3687,97444574441,21
3688,25166307673,21
3689,68548907085,21
3690,37358528402,21
3691,56738316313,21
3692,55702861356,21
3693,21158149109,21
3694,85626017907,21
3695,24120162361,21
3696,88644745666,20
3697,43454001249,20
3698,41001282470,20
3699,65462135385,20
3700,72760991600,20
3701,30900210196,20
3702,44344566262,20
3703,18814588565,20
3704,20017721725,20
3705,45237488374,20
3706,39961396807,20
3707,30440941247,20
3708,92293286189,20
3709,91218779711,20
3710,41704070214,19
3711,51163531045,19
3712,32821775372,19
3713,20352820919,19
3714,17649195875,19
3715,68535898735,19
3716,59477140425,19
3717,24674067743,19
3718,19458945909,19
3719,29922107583,19
3720,93110588804,19
3721,66741987958,19
3722,92510629620,19
3723,91201528612,19
3724,94785155422,19
3725,22267067774,19
3726,76618399784,18
3727,68323652165,18
3728,57798993346,18
3729,46391946761,18
3730,36105169298,18
3731,45875784130,18
3732,62596784370,18
3733,40361137142,18
3734,35615649088,18
3735,28880110118,18
3736,48934946153,18
3737,38249941422,18
3738,82931448033,18
3739,73648278886,18
3740,61639583117,17
3741,43828324372,17
3742,68731179079,17
3743,74837094867,17
3744,75265429612,17
3745,97206517936,17
3746,47103021057,17
3747,83173175334,17
3748,84478592825,17
3749,92596271102,17
3750,54790190524,17
3751,50585758076,17
3752,68275485458,17
3753,95037235405,17
3754,95824231566,16
3755,89249209432,16
3756,82465857700,16
3757,23506252960,16
3758,74959624448,16
3759,55092047467,16
3760,74116888698,16
3761,81692875319,16
3762,79070032105,16
3763,18142272571,16
3764,11975295389,16
3765,61941120453,16
3766,90494976499,16
3767,42142667769,16
3768,17610103622,16
3769,84895141974,16
3770,45426079849,16
3771,20781273791,16
3772,93282747446,16
3773,82451618238,16
3774,47480497674,16
3775,41445137000,15
3776,36595568885,15
3777,93740493847,15
3778,15489539819,15
3779,33150692829,15
3780,75987403052,15
3781,86451920285,15
3782,41027080823,15
3783,17701272704,14
3784,25117003509,14
3785,37481834976,14
3786,37935728745,14
3787,78040474274,14
3788,20836895545,14
3789,76117653301,14
3790,74247444320,14
3791,76419655212,14
3792,98850646791,14
3793,62940816804,14
3794,72164128552,14
3795,87824427219,14
3796,40996724992,14
3797,82329510503,14
3798,38049816588,14
3799,32021853619,14
3800,28034382339,14
3801,20803442676,14
3802,99420575685,14
3803,96806981644,13
3804,27529271582,13
3805,17175760321,13
3806,56597561444,13
3807,41877503091,13
3808,99807059634,13
3809,66748498849,13
3810,58382415159,13
3811,42454170286,13
3812,34339412732,13
3813,48699038894,13
3814,26793253394,13
3815,42392117775,13
3816,40084144447,13
3817,81790520013,13
3818,91062920626,13
3819,38918664617,13
3820,74337286955,12
3821,72082377970,12
3822,67279397175,12
3823,88114023637,12
3824,46429297007,12
3825,69184324876,12
3826,85444000471,12
3827,47119663770,12
3828,31552582037,12
3829,15010840269,12
3830,73909892719,12
3831,49514806178,12
3832,61569154734,12
3833,11800043583,12
3834,93720983561,12
3835,28537603098,12
3836,41686800806,12
3837,53918538787,12
3838,80347921120,12
3839,30780133873,12
3840,28836033916,11
3841,93723130289,11
3842,47864961615,11
3843,21205587568,11
3844,78315017938,11
3845,95594775419,11
3846,43437492698,11
3847,39700611505,11
3848,26788127465,11
3849,85117752663,11
3850,75289356942,11
3851,69133284840,11
3852,31153557593,11
3853,81986777523,11
3854,88848010071,11
3855,39646859475,11
3856,67223193770,11
3857,70555899232,11
3858,85273542431,11
3859,51527394775,11
3860,12240378188,11
3861,19401969640,11
3862,62346852889,10
3863,27207000299,10
3864,76094539803,10
3865,65175701530,10
3866,82736268897,10
3867,22395185606,10
3868,37351880405,10
3869,49784932478,10
3870,51294980477,10
3871,52448445000,10
3872,16377211887,10
3873,32350997564,10
3874,51390118767,10
3875,13747603419,10
3876,65168284301,10
3877,46054596841,10
3878,37670671283,10
3879,11411018019,10
3880,69431337574,10
3881,53877856360,10
3882,10346855916,9
3883,21384345425,9
3884,63975991689,9
3885,29234580033,9
3886,94269319521,9
3887,39469369640,9
3888,58899084497,9
3889,17978936678,9
3890,37706925794,9
3891,30280912400,9
3892,13467303030,9
3893,53829845678,9
3894,60641607697,9
3895,39580029434,9
3896,95135981273,9
3897,31416331470,9
3898,94110063346,9
3899,93942213428,8
3900,99785979138,8
3901,62069676741,8
3902,38523766800,8
3903,21319642626,8
3904,58680132589,8
3905,59079680636,8
3906,10739268011,8
3907,21755625204,8
3908,12182018430,8
3909,16361981729,8
3910,25781502446,8
3911,30769373086,7
3912,82882460979,7
3913,50940521426,7
3914,52266154043,7
3915,29166700531,7
3916,16528286991,7
3917,93113531213,7
3918,37815517789,7
3919,37534260149,7
3920,17228439250,7
3921,78908309708,7
3922,31400548982,7
3923,88999491954,7
3924,48549026640,7
3925,21350600012,7
3926,17507773571,7
3927,28385291716,7
3928,22883189698,6
3929,65415777658,6
3930,12983555508,6
3931,84787662573,6
3932,96141360246,6
3933,38447958250,6
3934,15457638036,6
3935,94009500943,6
3936,54277261175,6
3937,27518736748,6
3938,80762852492,6
3939,88745863985,6
3940,68480514246,6
3941,72300821269,6
3942,16002602393,6
3943,24102148742,6
3944,72064300998,6
3945,29027010572,6
3946,65892608066,6
3947,34775154874,6
3948,61939167097,6
3949,96190048310,6
3950,16156289887,6
3951,22019281430,6
3952,70814127470,5
3953,64648788229,5
3954,14004773634,5
3955,10881038707,5
3956,20884516643,5
3957,20284137308,5
3958,69853421807,5
3959,10165489824,5
3960,51267358936,5
3961,47797405944,5
3962,79081516258,5
3963,47441593515,5
3964,16104218122,5
3965,33068332703,5
3966,19340071232,5
3967,81548651453,4
3968,89109402284,4
3969,89618228232,4
3970,80426072728,4
3971,15710208349,4
3972,76866488151,4
3973,35235320738,4
3974,10441711491,4
3975,68591542501,4
3976,28275269638,4
3977,24526454463,4
3978,55555661470,4
3979,14616123867,4
3980,34205660775,4
3981,64143552561,4
3982,99776743787,4
3983,98082781436,4
3984,51087215585,4
3985,71475747855,4
3986,65959377833,4
3987,22503967537,3
3988,24174334793,3
3989,86201937910,3
3990,14626521979,3
3991,86621434137,3
3992,52524795452,3
3993,93263170091,3
3994,29279482521,3
3995,20233857661,3
3996,56766066037,3
3997,93915598279,3
3998,34455283435,3
3999,50532670634,3
4000,51425051982,3
4001,29623808496,3
4002,62708477486,3
4003,15293888435,3
4004,68264859271,3
4005,78577106740,3
4006,37482629458,3
4007,22853038342,2
4008,55403018592,2
4009,46537010521,2
4010,89133730546,2
4011,64094501963,2
4012,28311306642,2
4013,86791380020,2
4014,42461534060,2
4015,99801770627,2
4016,67264251405,2
4017,67213521157,2
4018,24212300522,2
4019,29068447069,2
4020,18261886835,2
4021,10404542215,1
4022,47047735645,1
4023,39150153670,1
4024,62688594508,1
4025,93267734067,1
